Sobrenome;Email;Genero
Ronaldo;ronaldo@gmail.com;M
Messi;messi@gmail.com;M
Halland;halland@gmail.com;M
Lewandowski;lewandowski@gmail.com;M
Mbape;mbape@gmail.com;M
Neymar;neymar@gmail.com;M
Hazard;hazard@gmail.com;M